Shtooka-judith-judith-absent_judith_absent,ae,good,possible,b,good,possible,(,s,good,possible,axn,good,possible,||,s,good,possible,ax,good,possible,n,good,possible,),t,good,possible,
Shtooka-judith-judith-address_judith_address,ax,good,possible,d,good,possible,r,good,possible,eh,good,possible,s,good,possible,
Shtooka-judith-judith-afternoon_judith_afternoon,aa,good,possible,f,good,possible,(,t,good,possible,axn,good,possible,||,t,good,possible,ax,good,possible,n,good,possible,),(,uwn,good,possible,||,uw,good,possible,n,good,possible,),
Shtooka-judith-judith-again_judith_again,ax,good,possible,g,good,possible,eh,good,possible,n,good,possible,
Shtooka-judith-judith-agriculture_judith_agriculture,ae,good,possible,(,gr,good,possible,||,g,good,possible,r,good,possible,),ih,good,possible,k,good,possible,ah,good,possible,l,good,possible,ch,good,possible,axr,good,possible,
Shtooka-judith-judith-aids_judith_aids,ey,good,possible,(,dz,good,possible,||,d,good,possible,z,good,possible,),
Shtooka-judith-judith-air_judith_heir,ehr,good,possible,
Shtooka-judith-judith-airman_judith_airmen,ehr,good,possible,(,m,good,possible,axn,good,possible,||,m,good,possible,ax,good,possible,n,good,possible,),
Shtooka-judith-judith-alcohol_judith_alcohol,ae,good,possible,l,good,possible,k,good,possible,ax,good,possible,hh,good,possible,oh,good,possible,l,good,possible,
Shtooka-judith-judith-alone_judith_alone,(,axl,good,possible,||,ax,good,possible,l,good,possible,),ow,good,possible,n,good,possible,
Shtooka-judith-judith-always_judith_always,ao,good,possible,l,good,possible,w,good,possible,ey,good,possible,z,good,possible,
Shtooka-judith-judith-amphitheatre_judith_amphitheatre,ae,good,possible,m,good,possible,f,good,possible,ih,good,possible,th,good,possible,iy,good,possible,ax,good,possible,t,good,possible,axr,good,possible,
Shtooka-judith-judith-anniversary_judith_anniversary,ae,good,possible,n,good,possible,ih,good,possible,v,good,possible,er,good,possible,s,good,possible,ax,good,possible,r,good,possible,iy,good,possible,
Shtooka-judith-judith-another_judith_another,(,axn,good,possible,||,ax,good,possible,n,good,possible,),ah,good,possible,dh,good,possible,axr,good,possible,
Shtooka-judith-judith-apartment_judith_apartment,ax,good,possible,p,good,possible,aa,good,possible,t,good,possible,(,m,good,possible,axn,good,possible,||,m,good,possible,ax,good,possible,n,good,possible,),t,good,possible,
Shtooka-judith-judith-apple_judith_apple,ae,good,possible,(,p,good,possible,axl,good,possible,||,p,good,possible,ax,good,possible,l,good,possible,),
Shtooka-judith-judith-apricot_judith_apricot,ey,good,possible,(,pr,good,possible,||,p,good,possible,r,good,possible,),ih,good,possible,k,good,possible,oh,good,possible,t,good,possible,
Shtooka-judith-judith-arm_judith_arm,aa,good,possible,m,good,possible,
Shtooka-judith-judith-army_judith_army,aa,good,possible,m,good,possible,iy,good,possible,
Shtooka-judith-judith-arrival_judith_arrival,ax,good,possible,r,good,possible,ay,good,possible,(,v,good,possible,axl,good,possible,||,v,good,possible,ax,good,possible,l,good,possible,),
Shtooka-judith-judith-art_judith_art,aa,good,possible,t,good,possible,
Shtooka-judith-judith-ashtray_judith_ashtray,ae,good,possible,sh,good,possible,(,tr,good,possible,||,t,good,possible,r,good,possible,),ey,good,possible,
Shtooka-judith-judith-away_judith_away,ax,good,possible,w,good,possible,ey,good,possible,
Shtooka-judith-judith-baby_judith_baby,b,good,possible,ey,good,possible,b,good,possible,iy,good,possible,
Shtooka-judith-judith-backpack_judith_backpack,b,good,possible,ae,good,possible,k,good,possible,p,good,possible,ae,good,possible,k,good,possible,
Shtooka-judith-judith-bad_judith_bade,b,good,possible,ae,good,possible,d,good,possible,
Shtooka-judith-judith-bank_judith_bank,b,good,possible,ae,good,possible,n,good,possible,k,good,possible,
Shtooka-judith-judith-bathroom_judith_bathroom,b,good,possible,aa,good,possible,(,thr,good,possible,||,th,good,possible,r,good,possible,),(,uwm,good,possible,||,uw,good,possible,m,good,possible,),
Shtooka-judith-judith-beach_judith_beech,b,good,possible,iy,good,possible,ch,good,possible,
Shtooka-judith-judith-beautiful_judith_beautiful,b,good,possible,(,yuw,good,possible,||,y,good,possible,uw,good,possible,),t,good,possible,ax,good,possible,(,f,good,possible,axl,good,possible,||,f,good,possible,ax,good,possible,l,good,possible,),
Shtooka-judith-judith-bed_judith_bed,b,good,possible,eh,good,possible,d,good,possible,
Shtooka-judith-judith-beef_judith_beef,b,good,possible,iy,good,possible,f,good,possible,
Shtooka-judith-judith-beer_judith_bier,b,good,possible,iy,good,possible,axr,good,possible,
Shtooka-judith-judith-behind_judith_behind,b,good,possible,ih,good,possible,hh,good,possible,ay,good,possible,n,good,possible,d,good,possible,
Shtooka-judith-judith-big_judith_big,b,good,possible,ih,good,possible,g,good,possible,
Shtooka-judith-judith-birthday_judith_birthday,b,good,possible,er,good,possible,th,good,possible,d,good,possible,ey,good,possible,
Shtooka-judith-judith-biscuit_judith_biscuit,b,good,possible,ih,good,possible,s,good,possible,k,good,possible,ih,good,possible,t,good,possible,
Shtooka-judith-judith-black_judith_black,(,bl,good,possible,||,b,good,possible,l,good,possible,),ae,good,possible,k,good,possible,
Shtooka-judith-judith-blanket_judith_blanket,(,bl,good,possible,||,b,good,possible,l,good,possible,),ae,good,possible,n,good,possible,k,good,possible,ih,good,possible,t,good,possible,
Shtooka-judith-judith-blood_judith_blood,(,bl,good,possible,||,b,good,possible,l,good,possible,),ah,good,possible,d,good,possible,
Shtooka-judith-judith-blue_judith_blue,(,bl,good,possible,||,b,good,possible,l,good,possible,),uw,good,possible,
Shtooka-judith-judith-body_judith_body,b,good,possible,oh,good,possible,d,good,possible,iy,good,possible,
Shtooka-judith-judith-book_judith_book,b,good,possible,uh,good,possible,k,good,possible,
Shtooka-judith-judith-bread_judith_bred,b,good,possible,r,good,possible,eh,good,possible,d,good,possible,
Shtooka-judith-judith-breakfast_judith_breakfast,b,good,possible,r,good,possible,eh,good,possible,k,good,possible,f,good,possible,ax,good,possible,(,st,good,possible,||,s,good,possible,t,good,possible,),
Shtooka-judith-judith-brother_judith_brother,b,good,possible,r,good,possible,ah,good,possible,dh,good,possible,axr,good,possible,
Shtooka-judith-judith-brown_judith_brown,b,good,possible,r,good,possible,aw,good,possible,n,good,possible,
Shtooka-judith-judith-building_judith_building,b,good,possible,(,ihl,good,possible,||,ih,good,possible,l,good,possible,),d,good,possible,(,ing,good,possible,||,ih,good,possible,ng,good,possible,),
Shtooka-judith-judith-busy_judith_busy,b,good,possible,ih,good,possible,z,good,possible,iy,good,possible,
Shtooka-judith-judith-butter_judith_butter,b,good,possible,ah,good,possible,t,good,possible,axr,good,possible,
Shtooka-judith-judith-bye_judith_bye,b,good,possible,ay,good,possible,
Shtooka-judith-judith-cabbage_judith_cabbage,k,good,possible,ae,good,possible,b,good,possible,ih,good,possible,jh,good,possible,
Shtooka-judith-judith-cake_judith_cake,k,good,possible,ey,good,possible,k,good,possible,
Shtooka-judith-judith-canal_judith_canal,(,k,good,possible,axn,good,possible,||,k,good,possible,ax,good,possible,n,good,possible,),ae,good,possible,l,good,possible,
Shtooka-judith-judith-cancer_judith_cancer,k,good,possible,ae,good,possible,n,good,possible,s,good,possible,axr,good,possible,
Shtooka-judith-judith-carpet_judith_carpet,k,good,possible,aa,good,possible,p,good,possible,ih,good,possible,t,good,possible,
Shtooka-judith-judith-ceiling_judith_sealing,s,good,possible,iy,good,possible,l,good,possible,(,ing,good,possible,||,ih,good,possible,ng,good,possible,),
Shtooka-judith-judith-celebration_judith_celebration,s,good,possible,(,ehl,good,possible,||,eh,good,possible,l,good,possible,),ih,good,possible,b,good,possible,r,good,possible,ey,good,possible,(,sh,good,possible,axn,good,possible,||,sh,good,possible,ax,good,possible,n,good,possible,),
Shtooka-judith-judith-chair_judith_chair,ch,good,possible,ehr,good,possible,
Shtooka-judith-judith-cheap_judith_cheep,ch,good,possible,iy,good,possible,p,good,possible,
Shtooka-judith-judith-cheese_judith_cheese,ch,good,possible,iy,good,possible,z,good,possible,
Shtooka-judith-judith-chemist_judith_chemist,k,good,possible,eh,good,possible,m,good,possible,ih,good,possible,(,st,good,possible,||,s,good,possible,t,good,possible,),
Shtooka-judith-judith-cherry_judith_cherry,ch,good,possible,eh,good,possible,r,good,possible,iy,good,possible,
Shtooka-judith-judith-chicken_judith_chicken,ch,good,possible,ih,good,possible,k,good,possible,ih,good,possible,n,good,possible,
Shtooka-judith-judith-child_judith_child,ch,good,possible,ay,good,possible,l,good,possible,d,good,possible,
Shtooka-judith-judith-chocolate_judith_chocolate,ch,good,possible,oh,good,possible,(,kl,good,possible,||,k,good,possible,l,good,possible,),ax,good,possible,t,good,possible,
Shtooka-judith-judith-church_judith_church,ch,good,possible,er,good,possible,ch,good,possible,
Shtooka-judith-judith-cigarette_judith_cigarette,s,good,possible,ih,good,possible,g,good,possible,ax,good,possible,r,good,possible,eh,good,possible,t,good,possible,
Shtooka-judith-judith-cinema_judith_cinema,s,good,possible,ih,good,possible,(,n,good,possible,axm,good,possible,||,n,good,possible,ax,good,possible,m,good,possible,),aa,good,possible,
Shtooka-judith-judith-city_judith_city,s,good,possible,ih,good,possible,t,good,possible,iy,good,possible,
Shtooka-judith-judith-class_judith_class,(,kl,good,possible,||,k,good,possible,l,good,possible,),aa,good,possible,s,good,possible,
Shtooka-judith-judith-classroom_judith_classroom,(,kl,good,possible,||,k,good,possible,l,good,possible,),ae,good,possible,s,good,possible,r,good,possible,(,uwm,good,possible,||,uw,good,possible,m,good,possible,),
Shtooka-judith-judith-clean_judith_clean,(,kl,good,possible,||,k,good,possible,l,good,possible,),iy,good,possible,n,good,possible,
Shtooka-judith-judith-close_judith_close,(,kl,good,possible,||,k,good,possible,l,good,possible,),ow,good,possible,s,good,possible,
Shtooka-judith-judith-clothes_judith_clothes,(,kl,good,possible,||,k,good,possible,l,good,possible,),ow,good,possible,dh,good,possible,z,good,possible,
Shtooka-judith-judith-cloud_judith_cloud,(,kl,good,possible,||,k,good,possible,l,good,possible,),aw,good,possible,d,good,possible,
Shtooka-judith-judith-coat_judith_coat,k,good,possible,ow,good,possible,t,good,possible,
Shtooka-judith-judith-coffee_judith_coffee,k,good,possible,oh,good,possible,f,good,possible,iy,good,possible,
Shtooka-judith-judith-cold_judith_cold,k,good,possible,ow,good,possible,l,good,possible,d,good,possible,
Shtooka-judith-judith-college_judith_college,k,good,possible,oh,good,possible,l,good,possible,ih,good,possible,jh,good,possible,
Shtooka-judith-judith-commerce_judith_commerce,k,good,possible,oh,good,possible,m,good,possible,er,good,possible,s,good,possible,
Shtooka-judith-judith-company_judith_company,k,good,possible,ah,good,possible,m,good,possible,(,p,good,possible,axn,good,possible,||,p,good,possible,ax,good,possible,n,good,possible,),iy,good,possible,
Shtooka-judith-judith-computer_judith_computer,(,k,good,possible,axm,good,possible,||,k,good,possible,ax,good,possible,m,good,possible,),p,good,possible,(,yuw,good,possible,||,y,good,possible,uw,good,possible,),t,good,possible,axr,good,possible,
Shtooka-judith-judith-contract_judith_contract,k,good,possible,oh,good,possible,n,good,possible,(,tr,good,possible,||,t,good,possible,r,good,possible,),ae,good,possible,(,kt,good,possible,||,k,good,possible,t,good,possible,),
Shtooka-judith-judith-corn_judith_corn,k,good,possible,ao,good,possible,n,good,possible,
Shtooka-judith-judith-country_judith_country,k,good,possible,ah,good,possible,n,good,possible,(,tr,good,possible,||,t,good,possible,r,good,possible,),iy,good,possible,
Shtooka-judith-judith-countryside_judith_countryside,k,good,possible,ah,good,possible,n,good,possible,(,tr,good,possible,||,t,good,possible,r,good,possible,),iy,good,possible,s,good,possible,ay,good,possible,d,good,possible,
Shtooka-judith-judith-culture_judith_culture,k,good,possible,ah,good,possible,l,good,possible,ch,good,possible,axr,good,possible,
Shtooka-judith-judith-cupboard_judith_cupboard,k,good,possible,ah,good,possible,b,good,possible,ax,good,possible,d,good,possible,
Shtooka-judith-judith-curtain_judith_curtain,k,good,possible,er,good,possible,(,t,good,possible,axn,good,possible,||,t,good,possible,ax,good,possible,n,good,possible,),
Shtooka-judith-judith-dance_judith_dance,d,good,possible,aa,good,possible,n,good,possible,s,good,possible,
Shtooka-judith-judith-dangerous_judith_dangerous,d,good,possible,ey,good,possible,n,good,possible,jh,good,possible,ax,good,possible,r,good,possible,ax,good,possible,s,good,possible,
Shtooka-judith-judith-daughter_judith_daughter,d,good,possible,ao,good,possible,t,good,possible,axr,good,possible,
Shtooka-judith-judith-death_judith_death,d,good,possible,eh,good,possible,th,good,possible,
Shtooka-judith-judith-degree_judith_degree,d,good,possible,ih,good,possible,(,gr,good,possible,||,g,good,possible,r,good,possible,),iy,good,possible,
Shtooka-judith-judith-departure_judith_departure,d,good,possible,ih,good,possible,p,good,possible,aa,good,possible,ch,good,possible,axr,good,possible,
Shtooka-judith-judith-dictionary_judith_dictionary,d,good,possible,ih,good,possible,k,good,possible,(,sh,good,possible,axn,good,possible,||,sh,good,possible,ax,good,possible,n,good,possible,),ax,good,possible,r,good,possible,iy,good,possible,
Shtooka-judith-judith-difficult_judith_difficult,d,good,possible,ih,good,possible,f,good,possible,ih,good,possible,(,k,good,possible,axl,good,possible,||,k,good,possible,ax,good,possible,l,good,possible,),t,good,possible,
Shtooka-judith-judith-dinner_judith_dinner,d,good,possible,ih,good,possible,n,good,possible,axr,good,possible,
Shtooka-judith-judith-diploma_judith_diploma,d,good,possible,ih,good,possible,(,pl,good,possible,||,p,good,possible,l,good,possible,),ow,good,possible,m,good,possible,axr,good,possible,
Shtooka-judith-judith-direction_judith_direction,d,good,possible,ay,good,possible,r,good,possible,eh,good,possible,k,good,possible,(,sh,good,possible,axn,good,possible,||,sh,good,possible,ax,good,possible,n,good,possible,),
Shtooka-judith-judith-dirty_judith_dirty,d,good,possible,er,good,possible,t,good,possible,iy,good,possible,
Shtooka-judith-judith-doctor_judith_doctor,d,good,possible,oh,good,possible,(,kt,good,possible,||,k,good,possible,t,good,possible,),axr,good,possible,
Shtooka-judith-judith-door_judith_door,d,good,possible,ao,good,possible,
Shtooka-judith-judith-dress_judith_dress,d,good,possible,r,good,possible,eh,good,possible,s,good,possible,
Shtooka-judith-judith-drink_judith_drink,d,good,possible,r,good,possible,ih,good,possible,n,good,possible,k,good,possible,
Shtooka-judith-judith-drug_judith_drug,d,good,possible,r,good,possible,ah,good,possible,g,good,possible,
Shtooka-judith-judith-early_judith_early,er,good,possible,l,good,possible,iy,good,possible,
Shtooka-judith-judith-ears_judith_ears,iy,good,possible,ax,good,possible,z,good,possible,
Shtooka-judith-judith-earth_judith_earth,er,good,possible,th,good,possible,
Shtooka-judith-judith-east_judith_east,iy,good,possible,(,st,good,possible,||,s,good,possible,t,good,possible,),
Shtooka-judith-judith-easy_judith_easy,iy,good,possible,z,good,possible,iy,good,possible,
Shtooka-judith-judith-economics_judith_economics,eh,good,possible,(,k,good,possible,axn,good,possible,||,k,good,possible,ax,good,possible,n,good,possible,),oh,good,possible,m,good,possible,ih,good,possible,(,ks,good,possible,||,k,good,possible,s,good,possible,),
Shtooka-judith-judith-education_judith_education,eh,good,possible,d,good,possible,(,yuw,good,possible,||,y,good,possible,uw,good,possible,),k,good,possible,ey,good,possible,(,sh,good,possible,axn,good,possible,||,sh,good,possible,ax,good,possible,n,good,possible,),
Shtooka-judith-judith-egg_judith_egg,eh,good,possible,g,good,possible,
Shtooka-judith-judith-empty_judith_empty,eh,good,possible,m,good,possible,p,good,possible,t,good,possible,iy,good,possible,
Shtooka-judith-judith-engineer_judith_engineer,eh,good,possible,n,good,possible,jh,good,possible,ih,good,possible,n,good,possible,iy,good,possible,axr,good,possible,
Shtooka-judith-judith-enough_judith_enough,ih,good,possible,n,good,possible,ah,good,possible,f,good,possible,
Shtooka-judith-judith-entrance_judith_entrance,eh,good,possible,n,good,possible,t,good,possible,(,r,good,possible,axn,good,possible,||,r,good,possible,ax,good,possible,n,good,possible,),s,good,possible,
Shtooka-judith-judith-environment_judith_environment,ih,good,possible,n,good,possible,v,good,possible,ay,good,possible,ax,good,possible,(,r,good,possible,axn,good,possible,||,r,good,possible,ax,good,possible,n,good,possible,),(,m,good,possible,axn,good,possible,||,m,good,possible,ax,good,possible,n,good,possible,),t,good,possible,
Shtooka-judith-judith-evening_judith_evening,iy,good,possible,v,good,possible,n,good,possible,(,ing,good,possible,||,ih,good,possible,ng,good,possible,),
Shtooka-judith-judith-ever_judith_ever,eh,good,possible,v,good,possible,axr,good,possible,
Shtooka-judith-judith-everybody_judith_everybody,eh,good,possible,v,good,possible,r,good,possible,iy,good,possible,b,good,possible,oh,good,possible,d,good,possible,iy,good,possible,
Shtooka-judith-judith-exit_judith_exit,eh,good,possible,(,ks,good,possible,||,k,good,possible,s,good,possible,),ih,good,possible,t,good,possible,
Shtooka-judith-judith-expensive_judith_expensive,ih,good,possible,(,ks,good,possible,||,k,good,possible,s,good,possible,),p,good,possible,eh,good,possible,n,good,possible,s,good,possible,ih,good,possible,v,good,possible,
Shtooka-judith-judith-eyes_judith_eyes,ay,good,possible,z,good,possible,
Shtooka-judith-judith-factory_judith_factory,f,good,possible,ae,good,possible,(,kt,good,possible,||,k,good,possible,t,good,possible,),ax,good,possible,r,good,possible,iy,good,possible,
Shtooka-judith-judith-false_judith_false,f,good,possible,ao,good,possible,l,good,possible,s,good,possible,
Shtooka-judith-judith-family_judith_family,f,good,possible,ae,good,possible,m,good,possible,(,ihl,good,possible,||,ih,good,possible,l,good,possible,),iy,good,possible,
Shtooka-judith-judith-far_judith_far,f,good,possible,aa,good,possible,
Shtooka-judith-judith-farmer_judith_farmer,f,good,possible,aa,good,possible,m,good,possible,axr,good,possible,
Shtooka-judith-judith-fast_judith_fast,f,good,possible,aa,good,possible,(,st,good,possible,||,s,good,possible,t,good,possible,),
Shtooka-judith-judith-father_judith_father,f,good,possible,aa,good,possible,dh,good,possible,axr,good,possible,
Shtooka-judith-judith-few_judith_phew,f,good,possible,(,yuw,good,possible,||,y,good,possible,uw,good,possible,),
Shtooka-judith-judith-fianc√©_judith_fiance,f,good,possible,iy,good,possible,oh,good,possible,n,good,possible,s,good,possible,ey,good,possible,
Shtooka-judith-judith-fight_judith_fight,f,good,possible,ay,good,possible,t,good,possible,
Shtooka-judith-judith-fireman_judith_firemen,f,good,possible,ay,good,possible,ax,good,possible,(,m,good,possible,axn,good,possible,||,m,good,possible,ax,good,possible,n,good,possible,),
Shtooka-judith-judith-firm_judith_firm,f,good,possible,er,good,possible,m,good,possible,
Shtooka-judith-judith-fish_judith_fish,f,good,possible,ih,good,possible,sh,good,possible,
Shtooka-judith-judith-flat_judith_flat,(,fl,good,possible,||,f,good,possible,l,good,possible,),ae,good,possible,t,good,possible,
Shtooka-judith-judith-floor_judith_floor,(,fl,good,possible,||,f,good,possible,l,good,possible,),ao,good,possible,
Shtooka-judith-judith-flower_judith_flower,(,fl,good,possible,||,f,good,possible,l,good,possible,),aw,good,possible,axr,good,possible,
Shtooka-judith-judith-food_judith_food,f,good,possible,uw,good,possible,d,good,possible,
Shtooka-judith-judith-foot_judith_foot,f,good,possible,uh,good,possible,t,good,possible,
Shtooka-judith-judith-forbidden_judith_forbidden,f,good,possible,ax,good,possible,b,good,possible,ih,good,possible,(,d,good,possible,axn,good,possible,||,d,good,possible,ax,good,possible,n,good,possible,),
Shtooka-judith-judith-forehead_judith_forehead,f,good,possible,ao,good,possible,hh,good,possible,eh,good,possible,d,good,possible,
Shtooka-judith-judith-foreign_judith_foreign,f,good,possible,oh,good,possible,(,r,good,possible,axn,good,possible,||,r,good,possible,ax,good,possible,n,good,possible,),
Shtooka-judith-judith-forest_judith_forest,f,good,possible,oh,good,possible,r,good,possible,ih,good,possible,(,st,good,possible,||,s,good,possible,t,good,possible,),
Shtooka-judith-judith-free_judith_free,f,good,possible,r,good,possible,iy,good,possible,
Shtooka-judith-judith-friday_judith_friday,f,good,possible,r,good,possible,ay,good,possible,d,good,possible,ey,good,possible,
Shtooka-judith-judith-fridge_judith_fridge,f,good,possible,r,good,possible,ih,good,possible,jh,good,possible,
Shtooka-judith-judith-friend_judith_friend,f,good,possible,r,good,possible,eh,good,possible,n,good,possible,d,good,possible,
Shtooka-judith-judith-fruit_judith_fruit,f,good,possible,r,good,possible,uw,good,possible,t,good,possible,
Shtooka-judith-judith-full_judith_full,f,good,possible,uh,good,possible,l,good,possible,
Shtooka-judith-judith-garden_judith_garden,g,good,possible,aa,good,possible,(,d,good,possible,axn,good,possible,||,d,good,possible,ax,good,possible,n,good,possible,),
Shtooka-judith-judith-garlic_judith_garlic,g,good,possible,aa,good,possible,l,good,possible,ih,good,possible,k,good,possible,
Shtooka-judith-judith-glasses_judith_glasses,g,good,possible,l,good,possible,aa,good,possible,s,good,possible,ih,good,possible,z,good,possible,
Shtooka-judith-judith-god_judith_god,g,good,possible,oh,good,possible,d,good,possible,
Shtooka-judith-judith-gold_judith_gold,g,good,possible,ow,good,possible,l,good,possible,d,good,possible,
Shtooka-judith-judith-good_judith_good,g,good,possible,uh,good,possible,d,good,possible,
Shtooka-judith-judith-government_judith_government,g,good,possible,ah,good,possible,(,v,good,possible,axn,good,possible,||,v,good,possible,ax,good,possible,n,good,possible,),(,m,good,possible,axn,good,possible,||,m,good,possible,ax,good,possible,n,good,possible,),t,good,possible,
Shtooka-judith-judith-grandfather_judith_grandfather,(,gr,good,possible,||,g,good,possible,r,good,possible,),ae,good,possible,n,good,possible,d,good,possible,f,good,possible,aa,good,possible,dh,good,possible,axr,good,possible,
Shtooka-judith-judith-grandmother_judith_grandmother,(,gr,good,possible,||,g,good,possible,r,good,possible,),ae,good,possible,n,good,possible,d,good,possible,m,good,possible,ah,good,possible,dh,good,possible,axr,good,possible,
Shtooka-judith-judith-grape_judith_grape,(,gr,good,possible,||,g,good,possible,r,good,possible,),ey,good,possible,p,good,possible,
Shtooka-judith-judith-green_judith_green,(,gr,good,possible,||,g,good,possible,r,good,possible,),iy,good,possible,n,good,possible,
Shtooka-judith-judith-grey_judith_grey,(,gr,good,possible,||,g,good,possible,r,good,possible,),ey,good,possible,
Shtooka-judith-judith-hair_judith_hare,hh,good,possible,ehr,good,possible,
Shtooka-judith-judith-hand_judith_hand,hh,good,possible,ae,good,possible,n,good,possible,d,good,possible,
Shtooka-judith-judith-handbag_judith_handbag,hh,good,possible,ae,good,possible,n,good,possible,d,good,possible,b,good,possible,ae,good,possible,g,good,possible,
Shtooka-judith-judith-handkerchief_judith_handkerchief,hh,good,possible,ae,good,possible,n,good,possible,k,good,possible,ax,good,possible,ch,good,possible,iy,good,possible,f,good,possible,
Shtooka-judith-judith-handsome_judith_hansom,hh,good,possible,ae,good,possible,n,good,possible,(,s,good,possible,axm,good,possible,||,s,good,possible,ax,good,possible,m,good,possible,),
Shtooka-judith-judith-happy_judith_happy,hh,good,possible,ae,good,possible,p,good,possible,iy,good,possible,
Shtooka-judith-judith-hat_judith_hat,hh,good,possible,ae,good,possible,t,good,possible,
Shtooka-judith-judith-he_judith_he,hh,good,possible,iy,good,possible,
Shtooka-judith-judith-head_judith_head,hh,good,possible,eh,good,possible,d,good,possible,
Shtooka-judith-judith-health_judith_health,hh,good,possible,(,ehl,good,possible,||,eh,good,possible,l,good,possible,),th,good,possible,
Shtooka-judith-judith-heart_judith_heart,hh,good,possible,aa,good,possible,t,good,possible,
Shtooka-judith-judith-heaven_judith_heaven,hh,good,possible,eh,good,possible,(,v,good,possible,axn,good,possible,||,v,good,possible,ax,good,possible,n,good,possible,),
Shtooka-judith-judith-hell_judith_hell,hh,good,possible,(,ehl,good,possible,||,eh,good,possible,l,good,possible,),
Shtooka-judith-judith-hello_judith_hello,hh,good,possible,(,ehl,good,possible,||,eh,good,possible,l,good,possible,),ow,good,possible,
Shtooka-judith-judith-here_judith_here,hh,good,possible,iy,good,possible,axr,good,possible,
Shtooka-judith-judith-hi_judith_high,hh,good,possible,ay,good,possible,
Shtooka-judith-judith-high_judith_high,hh,good,possible,ay,good,possible,
Shtooka-judith-judith-history_judith_history,hh,good,possible,ih,good,possible,(,st,good,possible,||,s,good,possible,t,good,possible,),ax,good,possible,r,good,possible,iy,good,possible,
Shtooka-judith-judith-hospital_judith_hospital,hh,good,possible,oh,good,possible,s,good,possible,p,good,possible,ih,good,possible,(,t,good,possible,axl,good,possible,||,t,good,possible,ax,good,possible,l,good,possible,),
Shtooka-judith-judith-hot_judith_hot,hh,good,possible,oh,good,possible,t,good,possible,
Shtooka-judith-judith-house_judith_house,hh,good,possible,aw,good,possible,s,good,possible,
Shtooka-judith-judith-how_judith_how,hh,good,possible,aw,good,possible,
Shtooka-judith-judith-husband_judith_husband,hh,good,possible,ah,good,possible,z,good,possible,(,b,good,possible,axn,good,possible,||,b,good,possible,ax,good,possible,n,good,possible,),d,good,possible,
Shtooka-judith-judith-i_judith_i,ay,good,possible,
Shtooka-judith-judith-illness_judith_illness,(,ihl,good,possible,||,ih,good,possible,l,good,possible,),n,good,possible,ax,good,possible,s,good,possible,
Shtooka-judith-judith-industry_judith_industry,ih,good,possible,n,good,possible,d,good,possible,ax,good,possible,s,good,possible,(,tr,good,possible,||,t,good,possible,r,good,possible,),iy,good,possible,
Shtooka-judith-judith-internet_judith_internet,ih,good,possible,n,good,possible,(,t,good,possible,axn,good,possible,||,t,good,possible,ax,good,possible,n,good,possible,),eh,good,possible,t,good,possible,
Shtooka-judith-judith-island_judith_island,ay,good,possible,(,l,good,possible,axn,good,possible,||,l,good,possible,ax,good,possible,n,good,possible,),d,good,possible,
Shtooka-judith-judith-it_judith_it,ih,good,possible,t,good,possible,
Shtooka-judith-judith-jam_judith_jamb,jh,good,possible,ae,good,possible,m,good,possible,
Shtooka-judith-judith-job_judith_job,jh,good,possible,oh,good,possible,b,good,possible,
Shtooka-judith-judith-journalist_judith_journalist,jh,good,possible,er,good,possible,(,n,good,possible,axl,good,possible,||,n,good,possible,ax,good,possible,l,good,possible,),ih,good,possible,(,st,good,possible,||,s,good,possible,t,good,possible,),
Shtooka-judith-judith-key_judith_quay,k,good,possible,iy,good,possible,
Shtooka-judith-judith-kitchen_judith_kitchen,k,good,possible,ih,good,possible,ch,good,possible,(,axn,good,possible,||,ax,good,possible,n,good,possible,),
Shtooka-judith-judith-lake_judith_lake,l,good,possible,ey,good,possible,k,good,possible,
Shtooka-judith-judith-lamp_judith_lamp,l,good,possible,ae,good,possible,m,good,possible,p,good,possible,
Shtooka-judith-judith-large_judith_large,l,good,possible,aa,good,possible,jh,good,possible,
Shtooka-judith-judith-late_judith_late,l,good,possible,ey,good,possible,t,good,possible,
Shtooka-judith-judith-law_judith_lore,l,good,possible,ao,good,possible,
Shtooka-judith-judith-left_judith_left,l,good,possible,eh,good,possible,f,good,possible,t,good,possible,
Shtooka-judith-judith-leg_judith_leg,l,good,possible,eh,good,possible,g,good,possible,
Shtooka-judith-judith-lemon_judith_lemon,l,good,possible,eh,good,possible,(,m,good,possible,axn,good,possible,||,m,good,possible,ax,good,possible,n,good,possible,),
Shtooka-judith-judith-less_judith_less,l,good,possible,eh,good,possible,s,good,possible,
Shtooka-judith-judith-lesson_judith_lesson,l,good,possible,eh,good,possible,(,s,good,possible,axn,good,possible,||,s,good,possible,ax,good,possible,n,good,possible,),
Shtooka-judith-judith-letter_judith_letter,l,good,possible,eh,good,possible,t,good,possible,axr,good,possible,
Shtooka-judith-judith-life_judith_life,l,good,possible,ay,good,possible,f,good,possible,
Shtooka-judith-judith-light_judith_light,l,good,possible,ay,good,possible,t,good,possible,
Shtooka-judith-judith-lighter_judith_lighter,l,good,possible,ay,good,possible,t,good,possible,axr,good,possible,
Shtooka-judith-judith-lips_judith_lips,l,good,possible,ih,good,possible,p,good,possible,s,good,possible,
Shtooka-judith-judith-little_judith_little,l,good,possible,ih,good,possible,(,t,good,possible,axl,good,possible,||,t,good,possible,ax,good,possible,l,good,possible,),
Shtooka-judith-judith-long_judith_long,l,good,possible,oh,good,possible,ng,good,possible,
Shtooka-judith-judith-love_judith_love,l,good,possible,ah,good,possible,v,good,possible,
Shtooka-judith-judith-lunch_judith_lunch,l,good,possible,ah,good,possible,n,good,possible,ch,good,possible,
Shtooka-judith-judith-machine_judith_machine,m,good,possible,ax,good,possible,sh,good,possible,iy,good,possible,n,good,possible,
Shtooka-judith-judith-man_judith_man,m,good,possible,ae,good,possible,n,good,possible,
Shtooka-judith-judith-many_judith_many,m,good,possible,eh,good,possible,n,good,possible,iy,good,possible,
Shtooka-judith-judith-market_judith_market,m,good,possible,aa,good,possible,k,good,possible,ih,good,possible,t,good,possible,
Shtooka-judith-judith-marriage_judith_marriage,m,good,possible,ae,good,possible,r,good,possible,ih,good,possible,jh,good,possible,
Shtooka-judith-judith-match_judith_match,m,good,possible,ae,good,possible,ch,good,possible,
Shtooka-judith-judith-maybe_judith_maybe,m,good,possible,ey,good,possible,b,good,possible,iy,good,possible,
Shtooka-judith-judith-meat_judith_meet,m,good,possible,iy,good,possible,t,good,possible,
Shtooka-judith-judith-medicine_judith_medicine,m,good,possible,eh,good,possible,d,good,possible,(,s,good,possible,axn,good,possible,||,s,good,possible,ax,good,possible,n,good,possible,),
Shtooka-judith-judith-midday_judith_midday,m,good,possible,ih,good,possible,d,good,possible,d,good,possible,ey,good,possible,
Shtooka-judith-judith-milk_judith_milk,m,good,possible,(,ihl,good,possible,||,ih,good,possible,l,good,possible,),k,good,possible,
Shtooka-judith-judith-minister_judith_minister,m,good,possible,ih,good,possible,n,good,possible,ih,good,possible,(,st,good,possible,||,s,good,possible,t,good,possible,),axr,good,possible,
Shtooka-judith-judith-mirror_judith_mirror,m,good,possible,ih,good,possible,r,good,possible,axr,good,possible,
Shtooka-judith-judith-monday_judith_monday,m,good,possible,ah,good,possible,n,good,possible,d,good,possible,ey,good,possible,
Shtooka-judith-judith-money_judith_money,m,good,possible,ah,good,possible,n,good,possible,iy,good,possible,
Shtooka-judith-judith-moon_judith_moon,m,good,possible,(,uwn,good,possible,||,uw,good,possible,n,good,possible,),
Shtooka-judith-judith-more_judith_more,m,good,possible,ao,good,possible,
Shtooka-judith-judith-morning_judith_mourning,m,good,possible,ao,good,possible,n,good,possible,(,ing,good,possible,||,ih,good,possible,ng,good,possible,),
Shtooka-judith-judith-mother_judith_mother,m,good,possible,ah,good,possible,dh,good,possible,axr,good,possible,
Shtooka-judith-judith-mountain_judith_mountain,m,good,possible,aw,good,possible,n,good,possible,t,good,possible,ih,good,possible,n,good,possible,
Shtooka-judith-judith-mouth_judith_mouth,m,good,possible,aw,good,possible,dh,good,possible,
Shtooka-judith-judith-mr_judith_mr,m,good,possible,ih,good,possible,(,st,good,possible,||,s,good,possible,t,good,possible,),axr,good,possible,
Shtooka-judith-judith-mrs_judith_mrs,m,good,possible,ih,good,possible,s,good,possible,ih,good,possible,z,good,possible,
Shtooka-judith-judith-music_judith_music,m,good,possible,(,yuw,good,possible,||,y,good,possible,uw,good,possible,),z,good,possible,ih,good,possible,k,good,possible,
Shtooka-judith-judith-mustard_judith_mustered,m,good,possible,ah,good,possible,(,st,good,possible,||,s,good,possible,t,good,possible,),ax,good,possible,d,good,possible,
Shtooka-judith-judith-nature_judith_nature,n,good,possible,ey,good,possible,ch,good,possible,axr,good,possible,
Shtooka-judith-judith-near_judith_near,n,good,possible,iy,good,possible,axr,good,possible,
Shtooka-judith-judith-neighbour_judith_neighbour,n,good,possible,ey,good,possible,b,good,possible,axr,good,possible,
Shtooka-judith-judith-never_judith_never,n,good,possible,eh,good,possible,v,good,possible,axr,good,possible,
Shtooka-judith-judith-new_judith_new,n,good,possible,uw,good,possible,
Shtooka-judith-judith-no_judith_no,n,good,possible,ow,good,possible,
Shtooka-judith-judith-nobody_judith_nobody,n,good,possible,ow,good,possible,b,good,possible,ax,good,possible,d,good,possible,iy,good,possible,
Shtooka-judith-judith-noise_judith_noise,n,good,possible,oy,good,possible,z,good,possible,
Shtooka-judith-judith-noon_judith_noon,n,good,possible,(,uwn,good,possible,||,uw,good,possible,n,good,possible,),
Shtooka-judith-judith-north_judith_north,n,good,possible,ao,good,possible,th,good,possible,
Shtooka-judith-judith-nose_judith_nose,n,good,possible,ow,good,possible,z,good,possible,
Shtooka-judith-judith-now_judith_now,n,good,possible,aw,good,possible,
Shtooka-judith-judith-occupied_judith_occupied,oh,good,possible,k,good,possible,(,yuw,good,possible,||,y,good,possible,uw,good,possible,),p,good,possible,ay,good,possible,d,good,possible,
Shtooka-judith-judith-oil_judith_oil,oy,good,possible,(,axl,good,possible,||,ax,good,possible,l,good,possible,),
Shtooka-judith-judith-old_judith_old,ow,good,possible,l,good,possible,d,good,possible,
Shtooka-judith-judith-onion_judith_onion,ah,good,possible,n,good,possible,iy,good,possible,(,axn,good,possible,||,ax,good,possible,n,good,possible,),
Shtooka-judith-judith-orange_judith_orange,oh,good,possible,r,good,possible,ih,good,possible,n,good,possible,jh,good,possible,
Shtooka-judith-judith-other_judith_other,ah,good,possible,dh,good,possible,axr,good,possible,
Shtooka-judith-judith-painting_judith_painting,p,good,possible,ey,good,possible,n,good,possible,t,good,possible,(,ing,good,possible,||,ih,good,possible,ng,good,possible,),
Shtooka-judith-judith-paper_judith_paper,p,good,possible,ey,good,possible,p,good,possible,axr,good,possible,
Shtooka-judith-judith-parents_judith_parents,p,good,possible,ehr,good,possible,(,r,good,possible,axn,good,possible,||,r,good,possible,ax,good,possible,n,good,possible,),t,good,possible,s,good,possible,
Shtooka-judith-judith-patient_judith_patient,p,good,possible,ey,good,possible,sh,good,possible,n,good,possible,t,good,possible,
Shtooka-judith-judith-peace_judith_piece,p,good,possible,iy,good,possible,s,good,possible,
Shtooka-judith-judith-pear_judith_pear,p,good,possible,ehr,good,possible,
Shtooka-judith-judith-people_judith_people,p,good,possible,iy,good,possible,(,p,good,possible,axl,good,possible,||,p,good,possible,ax,good,possible,l,good,possible,),
Shtooka-judith-judith-pepper_judith_pepper,p,good,possible,eh,good,possible,p,good,possible,axr,good,possible,
Shtooka-judith-judith-perhaps_judith_perhaps,p,good,possible,ax,good,possible,hh,good,possible,ae,good,possible,p,good,possible,s,good,possible,
Shtooka-judith-judith-person_judith_person,p,good,possible,er,good,possible,(,s,good,possible,axn,good,possible,||,s,good,possible,ax,good,possible,n,good,possible,),
Shtooka-judith-judith-petrol_judith_petrol,p,good,possible,eh,good,possible,t,good,possible,(,r,good,possible,axl,good,possible,||,r,good,possible,ax,good,possible,l,good,possible,),
Shtooka-judith-judith-pharmacy_judith_pharmacy,f,good,possible,aa,good,possible,m,good,possible,ax,good,possible,s,good,possible,iy,good,possible,
Shtooka-judith-judith-phone_judith_phone,f,good,possible,ow,good,possible,n,good,possible,
Shtooka-judith-judith-pillow_judith_pillow,p,good,possible,(,ihl,good,possible,||,ih,good,possible,l,good,possible,),ow,good,possible,
Shtooka-judith-judith-pink_judith_pink,p,good,possible,ih,good,possible,n,good,possible,k,good,possible,
Shtooka-judith-judith-please_judith_please,(,pl,good,possible,||,p,good,possible,l,good,possible,),iy,good,possible,z,good,possible,
Shtooka-judith-judith-police_judith_police,(,p,good,possible,axl,good,possible,||,p,good,possible,ax,good,possible,l,good,possible,),iy,good,possible,s,good,possible,
Shtooka-judith-judith-policeman_judith_policemen,(,p,good,possible,axl,good,possible,||,p,good,possible,ax,good,possible,l,good,possible,),iy,good,possible,s,good,possible,(,m,good,possible,axn,good,possible,||,m,good,possible,ax,good,possible,n,good,possible,),
Shtooka-judith-judith-politics_judith_politics,p,good,possible,oh,good,possible,l,good,possible,ih,good,possible,t,good,possible,ih,good,possible,(,ks,good,possible,||,k,good,possible,s,good,possible,),
Shtooka-judith-judith-pollution_judith_pollution,(,p,good,possible,axl,good,possible,||,p,good,possible,ax,good,possible,l,good,possible,),uw,good,possible,(,sh,good,possible,axn,good,possible,||,sh,good,possible,ax,good,possible,n,good,possible,),
Shtooka-judith-judith-pork_judith_pork,p,good,possible,ao,good,possible,k,good,possible,
Shtooka-judith-judith-potato_judith_potato,p,good,possible,ax,good,possible,t,good,possible,ey,good,possible,t,good,possible,ow,good,possible,
Shtooka-judith-judith-press_judith_press,(,pr,good,possible,||,p,good,possible,r,good,possible,),eh,good,possible,s,good,possible,
Shtooka-judith-judith-price_judith_price,(,pr,good,possible,||,p,good,possible,r,good,possible,),ay,good,possible,s,good,possible,
Shtooka-judith-judith-priest_judith_priest,(,pr,good,possible,||,p,good,possible,r,good,possible,),iy,good,possible,(,st,good,possible,||,s,good,possible,t,good,possible,),
Shtooka-judith-judith-production_judith_production,(,pr,good,possible,||,p,good,possible,r,good,possible,),ax,good,possible,d,good,possible,ah,good,possible,k,good,possible,(,sh,good,possible,axn,good,possible,||,sh,good,possible,ax,good,possible,n,good,possible,),
Shtooka-judith-judith-profession_judith_profession,(,pr,good,possible,||,p,good,possible,r,good,possible,),ax,good,possible,f,good,possible,eh,good,possible,(,sh,good,possible,axn,good,possible,||,sh,good,possible,ax,good,possible,n,good,possible,),
Shtooka-judith-judith-professor_judith_professor,(,pr,good,possible,||,p,good,possible,r,good,possible,),ax,good,possible,f,good,possible,eh,good,possible,s,good,possible,axr,good,possible,
Shtooka-judith-judith-progress_judith_progress,(,pr,good,possible,||,p,good,possible,r,good,possible,),ow,good,possible,(,gr,good,possible,||,g,good,possible,r,good,possible,),eh,good,possible,s,good,possible,
Shtooka-judith-judith-quick_judith_quick,(,kw,good,possible,||,k,good,possible,w,good,possible,),ih,good,possible,k,good,possible,
Shtooka-judith-judith-rain_judith_rein,r,good,possible,ey,good,possible,n,good,possible,
Shtooka-judith-judith-ready_judith_ready,r,good,possible,eh,good,possible,d,good,possible,iy,good,possible,
Shtooka-judith-judith-real_judith_real,r,good,possible,iy,good,possible,(,axl,good,possible,||,ax,good,possible,l,good,possible,),
Shtooka-judith-judith-red_judith_red,r,good,possible,eh,good,possible,d,good,possible,
Shtooka-judith-judith-refrigerator_judith_refrigerator,r,good,possible,ih,good,possible,f,good,possible,r,good,possible,ih,good,possible,jh,good,possible,ax,good,possible,r,good,possible,ey,good,possible,t,good,possible,axr,good,possible,
Shtooka-judith-judith-relatives_judith_relatives,r,good,possible,(,ehl,good,possible,||,eh,good,possible,l,good,possible,),ax,good,possible,t,good,possible,ih,good,possible,v,good,possible,z,good,possible,
Shtooka-judith-judith-religion_judith_religion,r,good,possible,(,ihl,good,possible,||,ih,good,possible,l,good,possible,),ih,good,possible,(,jh,good,possible,axn,good,possible,||,jh,good,possible,ax,good,possible,n,good,possible,),
Shtooka-judith-judith-rent_judith_rent,r,good,possible,eh,good,possible,n,good,possible,t,good,possible,
Shtooka-judith-judith-revolution_judith_revolution,r,good,possible,eh,good,possible,(,v,good,possible,axl,good,possible,||,v,good,possible,ax,good,possible,l,good,possible,),uw,good,possible,(,sh,good,possible,axn,good,possible,||,sh,good,possible,ax,good,possible,n,good,possible,),
Shtooka-judith-judith-rice_judith_rice,r,good,possible,ay,good,possible,s,good,possible,
Shtooka-judith-judith-right_judith_write,r,good,possible,ay,good,possible,t,good,possible,
Shtooka-judith-judith-river_judith_river,r,good,possible,ih,good,possible,v,good,possible,axr,good,possible,
Shtooka-judith-judith-room_judith_room,r,good,possible,(,uwm,good,possible,||,uw,good,possible,m,good,possible,),
Shtooka-judith-judith-rucksack_judith_rucksack,r,good,possible,ah,good,possible,(,ks,good,possible,||,k,good,possible,s,good,possible,),ae,good,possible,k,good,possible,
Shtooka-judith-judith-sailor_judith_sailor,s,good,possible,ey,good,possible,l,good,possible,axr,good,possible,
Shtooka-judith-judith-salt_judith_salt,s,good,possible,oh,good,possible,l,good,possible,t,good,possible,
Shtooka-judith-judith-saturday_judith_saturday,s,good,possible,ae,good,possible,t,good,possible,ax,good,possible,d,good,possible,ey,good,possible,
Shtooka-judith-judith-school_judith_school,s,good,possible,k,good,possible,(,uwl,good,possible,||,uw,good,possible,l,good,possible,),
Shtooka-judith-judith-scissors_judith_scissors,s,good,possible,ih,good,possible,z,good,possible,ax,good,possible,z,good,possible,
Shtooka-judith-judith-sea_judith_see,s,good,possible,iy,good,possible,
Shtooka-judith-judith-she_judith_she,sh,good,possible,iy,good,possible,
Shtooka-judith-judith-sheet_judith_sheet,sh,good,possible,iy,good,possible,t,good,possible,
Shtooka-judith-judith-shirt_judith_shirt,sh,good,possible,er,good,possible,t,good,possible,
Shtooka-judith-judith-shoes_judith_shoes,sh,good,possible,uw,good,possible,z,good,possible,
Shtooka-judith-judith-shopkeeper_judith_shopkeeper,sh,good,possible,oh,good,possible,p,good,possible,k,good,possible,iy,good,possible,p,good,possible,axr,good,possible,
Shtooka-judith-judith-sick_judith_sick,s,good,possible,ih,good,possible,k,good,possible,
Shtooka-judith-judith-simple_judith_simple,s,good,possible,ih,good,possible,m,good,possible,(,p,good,possible,axl,good,possible,||,p,good,possible,ax,good,possible,l,good,possible,),
Shtooka-judith-judith-sister_judith_sister,s,good,possible,ih,good,possible,(,st,good,possible,||,s,good,possible,t,good,possible,),axr,good,possible,
Shtooka-judith-judith-skin_judith_skin,s,good,possible,k,good,possible,ih,good,possible,n,good,possible,
Shtooka-judith-judith-skirt_judith_skirt,s,good,possible,k,good,possible,er,good,possible,t,good,possible,
Shtooka-judith-judith-sky_judith_sky,s,good,possible,k,good,possible,ay,good,possible,
Shtooka-judith-judith-slow_judith_slow,s,good,possible,l,good,possible,ow,good,possible,
Shtooka-judith-judith-slowly_judith_slowly,s,good,possible,l,good,possible,ow,good,possible,l,good,possible,iy,good,possible,
Shtooka-judith-judith-small_judith_small,s,good,possible,m,good,possible,ao,good,possible,l,good,possible,
Shtooka-judith-judith-snow_judith_snow,s,good,possible,n,good,possible,ow,good,possible,
Shtooka-judith-judith-soap_judith_soap,s,good,possible,ow,good,possible,p,good,possible,
Shtooka-judith-judith-society_judith_society,s,good,possible,ax,good,possible,s,good,possible,ay,good,possible,ax,good,possible,t,good,possible,iy,good,possible,
Shtooka-judith-judith-socks_judith_socks,s,good,possible,oh,good,possible,(,ks,good,possible,||,k,good,possible,s,good,possible,),
Shtooka-judith-judith-soldier_judith_soldier,s,good,possible,ow,good,possible,l,good,possible,jh,good,possible,axr,good,possible,
Shtooka-judith-judith-son_judith_sun,s,good,possible,ah,good,possible,n,good,possible,
Shtooka-judith-judith-soup_judith_soup,s,good,possible,uw,good,possible,p,good,possible,
Shtooka-judith-judith-source_judith_source,s,good,possible,ao,good,possible,s,good,possible,
Shtooka-judith-judith-spring_judith_spring,s,good,possible,(,pr,good,possible,||,p,good,possible,r,good,possible,),(,ing,good,possible,||,ih,good,possible,ng,good,possible,),
Shtooka-judith-judith-stamp_judith_stamp,(,st,good,possible,||,s,good,possible,t,good,possible,),ae,good,possible,m,good,possible,p,good,possible,
Shtooka-judith-judith-star_judith_star,(,st,good,possible,||,s,good,possible,t,good,possible,),aa,good,possible,
Shtooka-judith-judith-state_judith_state,(,st,good,possible,||,s,good,possible,t,good,possible,),ey,good,possible,t,good,possible,
Shtooka-judith-judith-still_judith_still,(,st,good,possible,||,s,good,possible,t,good,possible,),(,ihl,good,possible,||,ih,good,possible,l,good,possible,),
Shtooka-judith-judith-strong_judith_strong,s,good,possible,(,tr,good,possible,||,t,good,possible,r,good,possible,),oh,good,possible,ng,good,possible,
Shtooka-judith-judith-student_judith_student,(,st,good,possible,||,s,good,possible,t,good,possible,),(,yuw,good,possible,||,y,good,possible,uw,good,possible,),d,good,possible,n,good,possible,t,good,possible,
Shtooka-judith-judith-sugar_judith_sugar,sh,good,possible,uh,good,possible,g,good,possible,axr,good,possible,
Shtooka-judith-judith-sun_judith_sun,s,good,possible,ah,good,possible,n,good,possible,
Shtooka-judith-judith-sunday_judith_sunday,s,good,possible,ah,good,possible,n,good,possible,d,good,possible,ey,good,possible,
Shtooka-judith-judith-surname_judith_surname,s,good,possible,er,good,possible,n,good,possible,ey,good,possible,m,good,possible,
Shtooka-judith-judith-table_judith_table,t,good,possible,ey,good,possible,(,b,good,possible,axl,good,possible,||,b,good,possible,ax,good,possible,l,good,possible,),
Shtooka-judith-judith-tall_judith_tall,t,good,possible,ao,good,possible,l,good,possible,
Shtooka-judith-judith-taxes_judith_taxis,t,good,possible,ae,good,possible,(,ks,good,possible,||,k,good,possible,s,good,possible,),ih,good,possible,z,good,possible,
Shtooka-judith-judith-tea_judith_tee,t,good,possible,iy,good,possible,
Shtooka-judith-judith-teacher_judith_teacher,t,good,possible,iy,good,possible,ch,good,possible,axr,good,possible,
Shtooka-judith-judith-television_judith_television,t,good,possible,(,ehl,good,possible,||,eh,good,possible,l,good,possible,),ih,good,possible,v,good,possible,ih,good,possible,(,zh,good,possible,axn,good,possible,||,zh,good,possible,ax,good,possible,n,good,possible,),
Shtooka-judith-judith-temple_judith_temple,t,good,possible,eh,good,possible,m,good,possible,(,p,good,possible,axl,good,possible,||,p,good,possible,ax,good,possible,l,good,possible,),
Shtooka-judith-judith-theatre_judith_theatre,th,good,possible,iy,good,possible,ax,good,possible,t,good,possible,axr,good,possible,
Shtooka-judith-judith-there_judith_they're,dh,good,possible,ehr,good,possible,
Shtooka-judith-judith-they_judith_they,dh,good,possible,ey,good,possible,
Shtooka-judith-judith-thursday_judith_thursday,th,good,possible,er,good,possible,z,good,possible,d,good,possible,ey,good,possible,
Shtooka-judith-judith-tired_judith_tired,t,good,possible,ay,good,possible,ax,good,possible,d,good,possible,
Shtooka-judith-judith-tissue_judith_tissue,t,good,possible,ih,good,possible,s,good,possible,uw,good,possible,
Shtooka-judith-judith-today_judith_today,t,good,possible,ax,good,possible,d,good,possible,ey,good,possible,
Shtooka-judith-judith-together_judith_together,t,good,possible,ax,good,possible,g,good,possible,eh,good,possible,dh,good,possible,axr,good,possible,
Shtooka-judith-judith-toilet_judith_toilet,t,good,possible,oy,good,possible,l,good,possible,ih,good,possible,t,good,possible,
Shtooka-judith-judith-tomato_judith_tomato,(,t,good,possible,axm,good,possible,||,t,good,possible,ax,good,possible,m,good,possible,),aa,good,possible,t,good,possible,ow,good,possible,
Shtooka-judith-judith-tomorrow_judith_tomorrow,t,good,possible,(,uwm,good,possible,||,uw,good,possible,m,good,possible,),oh,good,possible,r,good,possible,ow,good,possible,
Shtooka-judith-judith-tongue_judith_tongue,t,good,possible,ah,good,possible,ng,good,possible,
Shtooka-judith-judith-tooth_judith_tooth,t,good,possible,uw,good,possible,th,good,possible,
Shtooka-judith-judith-towel_judith_towel,t,good,possible,aw,good,possible,(,axl,good,possible,||,ax,good,possible,l,good,possible,),
Shtooka-judith-judith-town_judith_town,t,good,possible,aw,good,possible,n,good,possible,
Shtooka-judith-judith-trade_judith_trade,(,tr,good,possible,||,t,good,possible,r,good,possible,),ey,good,possible,d,good,possible,
Shtooka-judith-judith-translator_judith_translator,(,tr,good,possible,||,t,good,possible,r,good,possible,),ae,good,possible,(,n,good,possible,dz,good,possible,||,n,good,possible,z,good,possible,),l,good,possible,ey,good,possible,t,good,possible,axr,good,possible,
Shtooka-judith-judith-tree_judith_tree,(,tr,good,possible,||,t,good,possible,r,good,possible,),iy,good,possible,
Shtooka-judith-judith-trousers_judith_trousers,(,tr,good,possible,||,t,good,possible,r,good,possible,),aw,good,possible,z,good,possible,ax,good,possible,z,good,possible,
Shtooka-judith-judith-true_judith_true,(,tr,good,possible,||,t,good,possible,r,good,possible,),uw,good,possible,
Shtooka-judith-judith-tuesday_judith_tuesday,t,good,possible,(,yuw,good,possible,||,y,good,possible,uw,good,possible,),z,good,possible,d,good,possible,ey,good,possible,
Shtooka-judith-judith-ugly_judith_ugly,ah,good,possible,g,good,possible,l,good,possible,iy,good,possible,
Shtooka-judith-judith-university_judith_university,y,good,possible,(,uwn,good,possible,||,uw,good,possible,n,good,possible,),ih,good,possible,v,good,possible,er,good,possible,s,good,possible,ih,good,possible,t,good,possible,iy,good,possible,
Shtooka-judith-judith-vegetable_judith_vegetable,v,good,possible,eh,good,possible,jh,good,possible,t,good,possible,ax,good,possible,(,b,good,possible,axl,good,possible,||,b,good,possible,ax,good,possible,l,good,possible,),
Shtooka-judith-judith-very_judith_very,v,good,possible,eh,good,possible,r,good,possible,iy,good,possible,
Shtooka-judith-judith-village_judith_village,v,good,possible,(,ihl,good,possible,||,ih,good,possible,l,good,possible,),ih,good,possible,jh,good,possible,
Shtooka-judith-judith-vinegar_judith_vinegar,v,good,possible,ih,good,possible,n,good,possible,ih,good,possible,g,good,possible,axr,good,possible,
Shtooka-judith-judith-wall_judith_wall,w,good,possible,ao,good,possible,l,good,possible,
Shtooka-judith-judith-war_judith_wore,w,good,possible,ao,good,possible,
Shtooka-judith-judith-wardrobe_judith_wardrobe,w,good,possible,ao,good,possible,d,good,possible,r,good,possible,ow,good,possible,b,good,possible,
Shtooka-judith-judith-water_judith_water,w,good,possible,ao,good,possible,t,good,possible,axr,good,possible,
Shtooka-judith-judith-way_judith_whey,w,good,possible,ey,good,possible,
Shtooka-judith-judith-we_judith_wee,w,good,possible,iy,good,possible,
Shtooka-judith-judith-wedding_judith_wedding,w,good,possible,eh,good,possible,d,good,possible,(,ing,good,possible,||,ih,good,possible,ng,good,possible,),
Shtooka-judith-judith-welcome_judith_welcome,w,good,possible,(,ehl,good,possible,||,eh,good,possible,l,good,possible,),(,k,good,possible,axm,good,possible,||,k,good,possible,ax,good,possible,m,good,possible,),
Shtooka-judith-judith-well_judith_well,w,good,possible,(,ehl,good,possible,||,eh,good,possible,l,good,possible,),
Shtooka-judith-judith-west_judith_west,w,good,possible,eh,good,possible,(,st,good,possible,||,s,good,possible,t,good,possible,),
Shtooka-judith-judith-what_judith_what,w,good,possible,oh,good,possible,t,good,possible,
Shtooka-judith-judith-wheat_judith_wheat,w,good,possible,iy,good,possible,t,good,possible,
Shtooka-judith-judith-when_judith_when,w,good,possible,eh,good,possible,n,good,possible,
Shtooka-judith-judith-where_judith_where,w,good,possible,ehr,good,possible,
Shtooka-judith-judith-which_judith_witch,w,good,possible,ih,good,possible,ch,good,possible,
Shtooka-judith-judith-white_judith_white,w,good,possible,ay,good,possible,t,good,possible,
Shtooka-judith-judith-who_judith_who,hh,good,possible,uw,good,possible,
Shtooka-judith-judith-why_judith_why,w,good,possible,ay,good,possible,
Shtooka-judith-judith-wide_judith_wide,w,good,possible,ay,good,possible,d,good,possible,
Shtooka-judith-judith-wife_judith_wife,w,good,possible,ay,good,possible,f,good,possible,
Shtooka-judith-judith-wind_judith_wind,w,good,possible,ih,good,possible,n,good,possible,d,good,possible,
Shtooka-judith-judith-window_judith_window,w,good,possible,ih,good,possible,n,good,possible,d,good,possible,ow,good,possible,
Shtooka-judith-judith-wine_judith_wine,w,good,possible,ay,good,possible,n,good,possible,
Shtooka-judith-judith-woman_judith_woman,w,good,possible,uh,good,possible,(,m,good,possible,axn,good,possible,||,m,good,possible,ax,good,possible,n,good,possible,),
Shtooka-judith-judith-work_judith_work,w,good,possible,er,good,possible,k,good,possible,
Shtooka-judith-judith-worker_judith_worker,w,good,possible,er,good,possible,k,good,possible,axr,good,possible,
Shtooka-judith-judith-writer_judith_writer,r,good,possible,ay,good,possible,t,good,possible,axr,good,possible,
Shtooka-judith-judith-yellow_judith_yellow,y,good,possible,(,ehl,good,possible,||,eh,good,possible,l,good,possible,),ow,good,possible,
Shtooka-judith-judith-yes_judith_yes,y,good,possible,eh,good,possible,s,good,possible,
Shtooka-judith-judith-yesterday_judith_yesterday,y,good,possible,eh,good,possible,(,st,good,possible,||,s,good,possible,t,good,possible,),ax,good,possible,d,good,possible,ey,good,possible,
Shtooka-judith-judith-you_judith_you,(,yuw,good,possible,||,y,good,possible,uw,good,possible,),
Shtooka-judith-judith-young_judith_young,y,good,possible,ah,good,possible,ng,good,possible,
